{
    "name": "T=0.87",
    "timestamp": "2026-06-29T12:06:25.054949",
    "config": {
        "name": "T=0.87",
        "model": {
            "alpha": 1.0,
            "beta": 0.1,
            "delta": 0.075,
            "gamma": 1.5
        },
        "control": {
            "T": 0.8736842105263158,
            "control_type": "additive"
        },
        "sim": {
            "t_max": 100.0,
            "n_eval": 10000,
            "x0_frac": 1.5,
            "y0_frac": 0.5,
            "rtol": 1e-08
        }
    },
    "metrics": {
        "tau": 4.030403040304031,
        "max_psi": 10.0,
        "max_u": 26.445783132530124,
        "e_final": 1.413422729967806e-07
    }
}