{
    "name": "T=0.62",
    "timestamp": "2026-06-29T12:06:25.024723",
    "config": {
        "name": "T=0.62",
        "model": {
            "alpha": 1.0,
            "beta": 0.1,
            "delta": 0.075,
            "gamma": 1.5
        },
        "control": {
            "T": 0.6157894736842106,
            "control_type": "additive"
        },
        "sim": {
            "t_max": 100.0,
            "n_eval": 10000,
            "x0_frac": 1.5,
            "y0_frac": 0.5,
            "rtol": 1e-08
        }
    },
    "metrics": {
        "tau": 2.8402840284028406,
        "max_psi": 10.0,
        "max_u": 31.23931623931624,
        "e_final": 3.172019660269143e-07
    }
}