{
    "name": "T=0.10",
    "timestamp": "2026-06-29T12:06:24.956346",
    "config": {
        "name": "T=0.10",
        "model": {
            "alpha": 1.0,
            "beta": 0.1,
            "delta": 0.075,
            "gamma": 1.5
        },
        "control": {
            "T": 0.1,
            "control_type": "additive"
        },
        "sim": {
            "t_max": 100.0,
            "n_eval": 10000,
            "x0_frac": 1.5,
            "y0_frac": 0.5,
            "rtol": 1e-08
        }
    },
    "metrics": {
        "tau": 0.47004700470047006,
        "max_psi": 10.0,
        "max_u": 115.0,
        "e_final": 1.1644529607224285e-07
    }
}