{
    "name": "T=0.36",
    "timestamp": "2026-06-29T12:06:24.991866",
    "config": {
        "name": "T=0.36",
        "model": {
            "alpha": 1.0,
            "beta": 0.1,
            "delta": 0.075,
            "gamma": 1.5
        },
        "control": {
            "T": 0.35789473684210527,
            "control_type": "additive"
        },
        "sim": {
            "t_max": 100.0,
            "n_eval": 10000,
            "x0_frac": 1.5,
            "y0_frac": 0.5,
            "rtol": 1e-08
        }
    },
    "metrics": {
        "tau": 1.6501650165016502,
        "max_psi": 10.0,
        "max_u": 42.94117647058823,
        "e_final": 4.2901587704591293e-07
    }
}