{
    "name": "T=1.13",
    "timestamp": "2026-06-29T12:06:25.084344",
    "config": {
        "name": "T=1.13",
        "model": {
            "alpha": 1.0,
            "beta": 0.1,
            "delta": 0.075,
            "gamma": 1.5
        },
        "control": {
            "T": 1.1315789473684212,
            "control_type": "additive"
        },
        "sim": {
            "t_max": 100.0,
            "n_eval": 10000,
            "x0_frac": 1.5,
            "y0_frac": 0.5,
            "rtol": 1e-08
        }
    },
    "metrics": {
        "tau": 5.2205220522052205,
        "max_psi": 10.0,
        "max_u": 23.837209302325576,
        "e_final": 7.467875349220776e-07
    }
}