{
    "name": "T=1.91",
    "timestamp": "2026-06-29T12:06:25.169771",
    "config": {
        "name": "T=1.91",
        "model": {
            "alpha": 1.0,
            "beta": 0.1,
            "delta": 0.075,
            "gamma": 1.5
        },
        "control": {
            "T": 1.905263157894737,
            "control_type": "additive"
        },
        "sim": {
            "t_max": 100.0,
            "n_eval": 10000,
            "x0_frac": 1.5,
            "y0_frac": 0.5,
            "rtol": 1e-08
        }
    },
    "metrics": {
        "tau": 8.780878087808782,
        "max_psi": 10.0,
        "max_u": 21.743032870926847,
        "e_final": 2.5262278668947147e-07
    }
}