{
    "name": "T=1.39",
    "timestamp": "2026-06-29T12:06:25.116283",
    "config": {
        "name": "T=1.39",
        "model": {
            "alpha": 1.0,
            "beta": 0.1,
            "delta": 0.075,
            "gamma": 1.5
        },
        "control": {
            "T": 1.3894736842105266,
            "control_type": "additive"
        },
        "sim": {
            "t_max": 100.0,
            "n_eval": 10000,
            "x0_frac": 1.5,
            "y0_frac": 0.5,
            "rtol": 1e-08
        }
    },
    "metrics": {
        "tau": 6.400640064006401,
        "max_psi": 10.0,
        "max_u": 22.196969696969695,
        "e_final": 1.3066023996088916e-07
    }
}