{
    "name": "T=1.65",
    "timestamp": "2026-06-29T12:06:25.145667",
    "config": {
        "name": "T=1.65",
        "model": {
            "alpha": 1.0,
            "beta": 0.1,
            "delta": 0.075,
            "gamma": 1.5
        },
        "control": {
            "T": 1.6473684210526318,
            "control_type": "additive"
        },
        "sim": {
            "t_max": 100.0,
            "n_eval": 10000,
            "x0_frac": 1.5,
            "y0_frac": 0.5,
            "rtol": 1e-08
        }
    },
    "metrics": {
        "tau": 7.590759075907591,
        "max_psi": 10.0,
        "max_u": 21.070287539936103,
        "e_final": 4.996629243692041e-08
    }
}