{
    "name": "T=2.42",
    "timestamp": "2026-06-29T12:06:25.233485",
    "config": {
        "name": "T=2.42",
        "model": {
            "alpha": 1.0,
            "beta": 0.1,
            "delta": 0.075,
            "gamma": 1.5
        },
        "control": {
            "T": 2.421052631578948,
            "control_type": "additive"
        },
        "sim": {
            "t_max": 100.0,
            "n_eval": 10000,
            "x0_frac": 1.5,
            "y0_frac": 0.5,
            "rtol": 1e-08
        }
    },
    "metrics": {
        "tau": 11.151115111511151,
        "max_psi": 10.0,
        "max_u": 41.459269260365666,
        "e_final": 2.2403934707426743e-07
    }
}