{
    "name": "T=2.68",
    "timestamp": "2026-06-29T12:06:25.266334",
    "config": {
        "name": "T=2.68",
        "model": {
            "alpha": 1.0,
            "beta": 0.1,
            "delta": 0.075,
            "gamma": 1.5
        },
        "control": {
            "T": 2.678947368421053,
            "control_type": "additive"
        },
        "sim": {
            "t_max": 100.0,
            "n_eval": 10000,
            "x0_frac": 1.5,
            "y0_frac": 0.5,
            "rtol": 1e-08
        }
    },
    "metrics": {
        "tau": 12.341234123412342,
        "max_psi": 10.0,
        "max_u": 54.57428197273105,
        "e_final": 7.067411544880997e-08
    }
}