{
    "name": "T=3.71",
    "timestamp": "2026-06-29T12:06:25.352273",
    "config": {
        "name": "T=3.71",
        "model": {
            "alpha": 1.0,
            "beta": 0.1,
            "delta": 0.075,
            "gamma": 1.5
        },
        "control": {
            "T": 3.710526315789474,
            "control_type": "additive"
        },
        "sim": {
            "t_max": 100.0,
            "n_eval": 10000,
            "x0_frac": 1.5,
            "y0_frac": 0.5,
            "rtol": 1e-08
        }
    },
    "metrics": {
        "tau": 17.091709170917092,
        "max_psi": 10.0,
        "max_u": 141.65749909547975,
        "e_final": 4.356216365408727e-08
    }
}