{
    "name": "T=3.97",
    "timestamp": "2026-06-29T12:06:25.368679",
    "config": {
        "name": "T=3.97",
        "model": {
            "alpha": 1.0,
            "beta": 0.1,
            "delta": 0.075,
            "gamma": 1.5
        },
        "control": {
            "T": 3.9684210526315793,
            "control_type": "additive"
        },
        "sim": {
            "t_max": 100.0,
            "n_eval": 10000,
            "x0_frac": 1.5,
            "y0_frac": 0.5,
            "rtol": 1e-08
        }
    },
    "metrics": {
        "tau": 18.281828182818284,
        "max_psi": 10.0,
        "max_u": 176.1541719362878,
        "e_final": 1.6722218276754575e-08
    }
}