{
    "name": "T=3.45",
    "timestamp": "2026-06-29T12:06:25.334484",
    "config": {
        "name": "T=3.45",
        "model": {
            "alpha": 1.0,
            "beta": 0.1,
            "delta": 0.075,
            "gamma": 1.5
        },
        "control": {
            "T": 3.452631578947369,
            "control_type": "additive"
        },
        "sim": {
            "t_max": 100.0,
            "n_eval": 10000,
            "x0_frac": 1.5,
            "y0_frac": 0.5,
            "rtol": 1e-08
        }
    },
    "metrics": {
        "tau": 15.901590159015903,
        "max_psi": 10.0,
        "max_u": 113.22758877099315,
        "e_final": 1.368665856205098e-07
    }
}