{
    "name": "T=4.23",
    "timestamp": "2026-06-29T12:06:25.384763",
    "config": {
        "name": "T=4.23",
        "model": {
            "alpha": 1.0,
            "beta": 0.1,
            "delta": 0.075,
            "gamma": 1.5
        },
        "control": {
            "T": 4.226315789473684,
            "control_type": "additive"
        },
        "sim": {
            "t_max": 100.0,
            "n_eval": 10000,
            "x0_frac": 1.5,
            "y0_frac": 0.5,
            "rtol": 1e-08
        }
    },
    "metrics": {
        "tau": 19.471947194719473,
        "max_psi": 10.0,
        "max_u": 218.01221410646005,
        "e_final": 8.041574517392291e-09
    }
}