{
    "name": "T=4.74",
    "timestamp": "2026-06-29T12:06:25.414435",
    "config": {
        "name": "T=4.74",
        "model": {
            "alpha": 1.0,
            "beta": 0.1,
            "delta": 0.075,
            "gamma": 1.5
        },
        "control": {
            "T": 4.742105263157895,
            "control_type": "additive"
        },
        "sim": {
            "t_max": 100.0,
            "n_eval": 10000,
            "x0_frac": 1.5,
            "y0_frac": 0.5,
            "rtol": 1e-08
        }
    },
    "metrics": {
        "tau": 21.842184218421842,
        "max_psi": 10.0,
        "max_u": 330.43109453438393,
        "e_final": 9.063285233423812e-09
    }
}